sample_id,shipped_at,lab_name
10000,2023-06-06 08:00:00,Enchanted Industries
10001,2023-06-06 08:00:00,Enchanted Industries
10002,2023-06-06 08:00:00,Enchanted Industries
10003,2023-06-06 08:00:00,Enchanted Industries
10004,2023-06-06 08:00:00,Toadstool Labs
10005,2023-06-06 08:00:00,Enchanted Industries
10006,2023-06-06 08:00:00,Enchanted Industries
10007,2023-06-06 08:00:00,Toadstool Labs
10008,2023-06-06 08:00:00,Enchanted Industries
10009,2023-06-06 08:00:00,Toadstool Labs
10010,2023-06-06 08:00:00,Toadstool Labs
10011,2023-06-06 08:00:00,Enchanted Industries
10012,2023-06-06 08:00:00,Toadstool Labs
10013,2023-06-06 08:00:00,Enchanted Industries
10014,2023-06-06 08:00:00,Toadstool Labs
10015,2023-06-06 08:00:00,Enchanted Industries
10016,2023-06-06 08:00:00,Toadstool Labs
10017,2023-06-06 08:00:00,Toadstool Labs
10018,2023-06-06 08:00:00,Enchanted Industries
10019,2023-06-06 08:00:00,Enchanted Industries
10020,2023-06-06 08:00:00,Toadstool Labs
10021,2023-06-06 08:00:00,Toadstool Labs
10022,2023-06-06 08:00:00,Toadstool Labs
10023,2023-06-06 08:00:00,Enchanted Industries
10024,2023-06-06 08:00:00,Toadstool Labs
10025,2023-06-06 08:00:00,Toadstool Labs
10026,2023-06-06 08:00:00,Toadstool Labs
10027,2023-06-06 08:00:00,Toadstool Labs
10028,2023-06-06 08:00:00,Toadstool Labs
10029,2023-06-06 08:00:00,Enchanted Industries
10030,2023-06-06 08:00:00,Enchanted Industries
10031,2023-06-06 08:00:00,Toadstool Labs
10032,2023-06-06 08:00:00,Enchanted Industries
10033,2023-06-06 08:00:00,Toadstool Labs
10034,2023-06-06 08:00:00,Toadstool Labs
10035,2023-06-06 08:00:00,Toadstool Labs
10036,2023-06-06 08:00:00,Enchanted Industries
10037,2023-06-06 08:00:00,Enchanted Industries
10038,2023-06-06 08:00:00,Toadstool Labs
10039,2023-06-06 08:00:00,Toadstool Labs
10040,2023-06-06 08:00:00,Toadstool Labs
10041,2023-06-06 08:00:00,Toadstool Labs
10042,2023-06-06 08:00:00,Enchanted Industries
10043,2023-06-06 08:00:00,Toadstool Labs
10044,2023-06-06 08:00:00,Enchanted Industries
10045,2023-06-06 08:00:00,Toadstool Labs
10046,2023-06-06 08:00:00,Toadstool Labs
10047,2023-06-06 08:00:00,Enchanted Industries
10048,2023-06-06 08:00:00,Enchanted Industries
10049,2023-06-06 08:00:00,Enchanted Industries
10050,2023-06-06 08:00:00,Toadstool Labs
10051,2023-06-06 08:00:00,Toadstool Labs
10052,2023-06-06 08:00:00,Toadstool Labs
10053,2023-06-06 08:00:00,Toadstool Labs
10054,2023-06-06 08:00:00,Enchanted Industries
10055,2023-06-06 08:00:00,Toadstool Labs
10056,2023-06-06 08:00:00,Enchanted Industries
10057,2023-06-06 08:00:00,Enchanted Industries
10058,2023-06-06 08:00:00,Toadstool Labs
10059,2023-06-06 08:00:00,Toadstool Labs
10060,2023-06-06 08:00:00,Toadstool Labs
10061,2023-06-06 08:00:00,Enchanted Industries
10062,2023-06-06 08:00:00,Enchanted Industries
10063,2023-06-06 08:00:00,Toadstool Labs
10064,2023-06-06 08:00:00,Toadstool Labs
10065,2023-06-06 08:00:00,Toadstool Labs
10066,2023-06-06 08:00:00,Enchanted Industries
10067,2023-06-06 08:00:00,Enchanted Industries
10068,2023-06-06 08:00:00,Toadstool Labs
10069,2023-06-06 08:00:00,Toadstool Labs
10070,2023-06-06 08:00:00,Enchanted Industries
10071,2023-06-06 08:00:00,Enchanted Industries
10072,2023-06-06 08:00:00,Toadstool Labs
10073,2023-06-06 08:00:00,Toadstool Labs
10074,2023-06-06 08:00:00,Toadstool Labs
10075,2023-06-06 08:00:00,Toadstool Labs
10076,2023-06-06 08:00:00,Toadstool Labs
10077,2023-06-06 08:00:00,Toadstool Labs
10078,2023-06-06 08:00:00,Enchanted Industries
10079,2023-06-06 08:00:00,Toadstool Labs
10080,2023-06-06 08:00:00,Enchanted Industries
10081,2023-06-06 08:00:00,Toadstool Labs
10082,2023-06-06 08:00:00,Enchanted Industries
10083,2023-06-06 08:00:00,Toadstool Labs
10084,2023-06-06 08:00:00,Enchanted Industries
10085,2023-06-06 08:00:00,Toadstool Labs
10086,2023-06-06 08:00:00,Enchanted Industries
10087,2023-06-06 08:00:00,Toadstool Labs
10088,2023-06-06 08:00:00,Enchanted Industries
10089,2023-06-06 08:00:00,Toadstool Labs
10090,2023-06-06 08:00:00,Toadstool Labs
10091,2023-06-06 08:00:00,Toadstool Labs
10092,2023-06-06 08:00:00,Enchanted Industries
10093,2023-06-06 08:00:00,Toadstool Labs
10094,2023-06-06 08:00:00,Enchanted Industries
10095,2023-06-06 08:00:00,Toadstool Labs
10096,2023-06-06 08:00:00,Toadstool Labs
10097,2023-06-06 08:00:00,Enchanted Industries
10098,2023-06-06 08:00:00,Toadstool Labs
10099,2023-06-06 08:00:00,Toadstool Labs
10100,2023-06-06 08:00:00,Toadstool Labs
10101,2023-06-06 08:00:00,Toadstool Labs
10102,2023-06-06 08:00:00,Enchanted Industries
10103,2023-06-06 08:00:00,Toadstool Labs
10104,2023-06-06 08:00:00,Enchanted Industries
10105,2023-06-06 08:00:00,Enchanted Industries
10106,2023-06-06 08:00:00,Enchanted Industries
10107,2023-06-06 08:00:00,Toadstool Labs
10108,2023-06-06 08:00:00,Enchanted Industries
10109,2023-06-06 08:00:00,Toadstool Labs
10110,2023-06-06 08:00:00,Toadstool Labs
10111,2023-06-06 08:00:00,Toadstool Labs
10112,2023-06-06 08:00:00,Toadstool Labs
10113,2023-06-06 08:00:00,Toadstool Labs
10114,2023-06-06 08:00:00,Enchanted Industries
10115,2023-06-06 08:00:00,Enchanted Industries
10116,2023-06-06 08:00:00,Enchanted Industries
10117,2023-06-06 08:00:00,Toadstool Labs
10118,2023-06-06 08:00:00,Enchanted Industries
10119,2023-06-06 08:00:00,Toadstool Labs
10120,2023-06-06 08:00:00,Enchanted Industries
10121,2023-06-06 08:00:00,Toadstool Labs
10122,2023-06-06 08:00:00,Enchanted Industries
10123,2023-06-06 08:00:00,Toadstool Labs
10124,2023-06-06 08:00:00,Toadstool Labs
10125,2023-06-06 08:00:00,Toadstool Labs
10126,2023-06-06 08:00:00,Enchanted Industries
10127,2023-06-06 08:00:00,Toadstool Labs
10128,2023-06-06 08:00:00,Enchanted Industries
10129,2023-06-06 08:00:00,Enchanted Industries
10130,2023-06-06 08:00:00,Enchanted Industries
10131,2023-06-06 08:00:00,Enchanted Industries
10132,2023-06-06 08:00:00,Toadstool Labs
10133,2023-06-06 08:00:00,Toadstool Labs
10134,2023-06-06 08:00:00,Toadstool Labs
10135,2023-06-06 08:00:00,Toadstool Labs
10136,2023-06-06 08:00:00,Enchanted Industries
10137,2023-06-06 08:00:00,Toadstool Labs
10138,2023-06-06 08:00:00,Toadstool Labs
10139,2023-06-06 08:00:00,Enchanted Industries
10140,2023-06-06 08:00:00,Toadstool Labs
10141,2023-06-06 08:00:00,Enchanted Industries
10142,2023-06-06 08:00:00,Enchanted Industries
10143,2023-06-06 08:00:00,Enchanted Industries
10144,2023-06-07 08:00:00,Enchanted Industries
10145,2023-06-07 08:00:00,Enchanted Industries
10146,2023-06-07 08:00:00,Enchanted Industries
10147,2023-06-07 08:00:00,Enchanted Industries
10148,2023-06-07 08:00:00,Enchanted Industries
10149,2023-06-07 08:00:00,Enchanted Industries
10150,2023-06-07 08:00:00,Enchanted Industries
10151,2023-06-07 08:00:00,Toadstool Labs
10152,2023-06-07 08:00:00,Toadstool Labs
10153,2023-06-07 08:00:00,Toadstool Labs
10154,2023-06-07 08:00:00,Toadstool Labs
10155,2023-06-07 08:00:00,Enchanted Industries
10156,2023-06-07 08:00:00,Toadstool Labs
10157,2023-06-07 08:00:00,Enchanted Industries
10158,2023-06-07 08:00:00,Enchanted Industries
10159,2023-06-07 08:00:00,Toadstool Labs
10160,2023-06-07 08:00:00,Toadstool Labs
10161,2023-06-07 08:00:00,Toadstool Labs
10162,2023-06-07 08:00:00,Enchanted Industries
10163,2023-06-07 08:00:00,Toadstool Labs
10164,2023-06-07 08:00:00,Enchanted Industries
10165,2023-06-07 08:00:00,Enchanted Industries
10166,2023-06-07 08:00:00,Toadstool Labs
10167,2023-06-07 08:00:00,Toadstool Labs
10168,2023-06-07 08:00:00,Enchanted Industries
10169,2023-06-07 08:00:00,Enchanted Industries
10170,2023-06-07 08:00:00,Enchanted Industries
10171,2023-06-07 08:00:00,Toadstool Labs
10172,2023-06-07 08:00:00,Toadstool Labs
10173,2023-06-07 08:00:00,Toadstool Labs
10174,2023-06-07 08:00:00,Enchanted Industries
10175,2023-06-07 08:00:00,Enchanted Industries
10176,2023-06-07 08:00:00,Enchanted Industries
10177,2023-06-07 08:00:00,Enchanted Industries
10178,2023-06-07 08:00:00,Toadstool Labs
10179,2023-06-07 08:00:00,Toadstool Labs
10180,2023-06-07 08:00:00,Toadstool Labs
10181,2023-06-07 08:00:00,Enchanted Industries
10182,2023-06-07 08:00:00,Enchanted Industries
10183,2023-06-07 08:00:00,Toadstool Labs
10184,2023-06-07 08:00:00,Enchanted Industries
10185,2023-06-07 08:00:00,Enchanted Industries
10186,2023-06-07 08:00:00,Enchanted Industries
10187,2023-06-07 08:00:00,Toadstool Labs
10188,2023-06-07 08:00:00,Toadstool Labs
10189,2023-06-07 08:00:00,Toadstool Labs
10190,2023-06-07 08:00:00,Enchanted Industries
10191,2023-06-07 08:00:00,Enchanted Industries
10192,2023-06-07 08:00:00,Enchanted Industries
10193,2023-06-07 08:00:00,Enchanted Industries
10194,2023-06-07 08:00:00,Toadstool Labs
10195,2023-06-07 08:00:00,Toadstool Labs
10196,2023-06-07 08:00:00,Toadstool Labs
10197,2023-06-07 08:00:00,Enchanted Industries
10198,2023-06-07 08:00:00,Toadstool Labs
10199,2023-06-07 08:00:00,Enchanted Industries
10200,2023-06-07 08:00:00,Enchanted Industries
10201,2023-06-07 08:00:00,Enchanted Industries
10202,2023-06-07 08:00:00,Toadstool Labs
10203,2023-06-07 08:00:00,Enchanted Industries
10204,2023-06-07 08:00:00,Toadstool Labs
10205,2023-06-07 08:00:00,Toadstool Labs
10206,2023-06-07 08:00:00,Toadstool Labs
10207,2023-06-07 08:00:00,Enchanted Industries
10208,2023-06-07 08:00:00,Toadstool Labs
10209,2023-06-07 08:00:00,Toadstool Labs
10210,2023-06-07 08:00:00,Toadstool Labs
10211,2023-06-07 08:00:00,Enchanted Industries
10212,2023-06-07 08:00:00,Toadstool Labs
10213,2023-06-07 08:00:00,Enchanted Industries
10214,2023-06-07 08:00:00,Enchanted Industries
10215,2023-06-07 08:00:00,Enchanted Industries
10216,2023-06-07 08:00:00,Enchanted Industries
10217,2023-06-07 08:00:00,Toadstool Labs
10218,2023-06-07 08:00:00,Toadstool Labs
10219,2023-06-07 08:00:00,Enchanted Industries
10220,2023-06-07 08:00:00,Enchanted Industries
10221,2023-06-07 08:00:00,Enchanted Industries
10222,2023-06-07 08:00:00,Enchanted Industries
10223,2023-06-07 08:00:00,Enchanted Industries
10224,2023-06-07 08:00:00,Toadstool Labs
10225,2023-06-07 08:00:00,Enchanted Industries
10226,2023-06-07 08:00:00,Enchanted Industries
10227,2023-06-07 08:00:00,Enchanted Industries
10228,2023-06-07 08:00:00,Toadstool Labs
10229,2023-06-07 08:00:00,Enchanted Industries
10230,2023-06-07 08:00:00,Toadstool Labs
10231,2023-06-07 08:00:00,Toadstool Labs
10232,2023-06-07 08:00:00,Toadstool Labs
10233,2023-06-07 08:00:00,Toadstool Labs
10234,2023-06-07 08:00:00,Toadstool Labs
10235,2023-06-07 08:00:00,Enchanted Industries
10236,2023-06-07 08:00:00,Toadstool Labs
10237,2023-06-07 08:00:00,Toadstool Labs
10238,2023-06-07 08:00:00,Enchanted Industries
10239,2023-06-07 08:00:00,Toadstool Labs
10240,2023-06-07 08:00:00,Toadstool Labs
10241,2023-06-07 08:00:00,Enchanted Industries
10242,2023-06-07 08:00:00,Enchanted Industries
10243,2023-06-07 08:00:00,Enchanted Industries
10244,2023-06-07 08:00:00,Toadstool Labs
10245,2023-06-07 08:00:00,Enchanted Industries
10246,2023-06-07 08:00:00,Toadstool Labs
10247,2023-06-07 08:00:00,Enchanted Industries
10248,2023-06-07 08:00:00,Enchanted Industries
10249,2023-06-07 08:00:00,Toadstool Labs
10250,2023-06-07 08:00:00,Enchanted Industries
10251,2023-06-07 08:00:00,Enchanted Industries
10252,2023-06-07 08:00:00,Enchanted Industries
10253,2023-06-07 08:00:00,Toadstool Labs
10254,2023-06-07 08:00:00,Enchanted Industries
10255,2023-06-07 08:00:00,Toadstool Labs
10256,2023-06-07 08:00:00,Enchanted Industries
10257,2023-06-07 08:00:00,Enchanted Industries
10258,2023-06-07 08:00:00,Toadstool Labs
10259,2023-06-07 08:00:00,Enchanted Industries
10260,2023-06-07 08:00:00,Enchanted Industries
10261,2023-06-07 08:00:00,Enchanted Industries
10262,2023-06-07 08:00:00,Toadstool Labs
10263,2023-06-07 08:00:00,Toadstool Labs
10264,2023-06-07 08:00:00,Toadstool Labs
10265,2023-06-07 08:00:00,Toadstool Labs
10266,2023-06-07 08:00:00,Enchanted Industries
10267,2023-06-07 08:00:00,Toadstool Labs
10268,2023-06-07 08:00:00,Toadstool Labs
10269,2023-06-07 08:00:00,Toadstool Labs
10270,2023-06-07 08:00:00,Toadstool Labs
10271,2023-06-07 08:00:00,Toadstool Labs
10272,2023-06-07 08:00:00,Enchanted Industries
10273,2023-06-07 08:00:00,Enchanted Industries
10274,2023-06-07 08:00:00,Enchanted Industries
10275,2023-06-07 08:00:00,Toadstool Labs
10276,2023-06-07 08:00:00,Enchanted Industries
10277,2023-06-07 08:00:00,Toadstool Labs
10278,2023-06-07 08:00:00,Enchanted Industries
10279,2023-06-07 08:00:00,Enchanted Industries
10280,2023-06-07 08:00:00,Toadstool Labs
10281,2023-06-07 08:00:00,Toadstool Labs
10282,2023-06-07 08:00:00,Toadstool Labs
10283,2023-06-07 08:00:00,Toadstool Labs
10284,2023-06-07 08:00:00,Enchanted Industries
10285,2023-06-07 08:00:00,Enchanted Industries
10286,2023-06-07 08:00:00,Toadstool Labs
10287,2023-06-07 08:00:00,Enchanted Industries
10288,2023-06-08 08:00:00,Enchanted Industries
10289,2023-06-08 08:00:00,Enchanted Industries
10290,2023-06-08 08:00:00,Toadstool Labs
10291,2023-06-08 08:00:00,Enchanted Industries
10292,2023-06-08 08:00:00,Enchanted Industries
10293,2023-06-08 08:00:00,Enchanted Industries
10294,2023-06-08 08:00:00,Toadstool Labs
10295,2023-06-08 08:00:00,Enchanted Industries
10296,2023-06-08 08:00:00,Enchanted Industries
10297,2023-06-08 08:00:00,Toadstool Labs
10298,2023-06-08 08:00:00,Toadstool Labs
10299,2023-06-08 08:00:00,Toadstool Labs
10300,2023-06-08 08:00:00,Toadstool Labs
10301,2023-06-08 08:00:00,Toadstool Labs
10302,2023-06-08 08:00:00,Toadstool Labs
10303,2023-06-08 08:00:00,Toadstool Labs
10304,2023-06-08 08:00:00,Toadstool Labs
10305,2023-06-08 08:00:00,Toadstool Labs
10306,2023-06-08 08:00:00,Toadstool Labs
10307,2023-06-08 08:00:00,Toadstool Labs
10308,2023-06-08 08:00:00,Toadstool Labs
10309,2023-06-08 08:00:00,Toadstool Labs
10310,2023-06-08 08:00:00,Toadstool Labs
10311,2023-06-08 08:00:00,Toadstool Labs
10312,2023-06-08 08:00:00,Enchanted Industries
10313,2023-06-08 08:00:00,Toadstool Labs
10314,2023-06-08 08:00:00,Enchanted Industries
10315,2023-06-08 08:00:00,Enchanted Industries
10316,2023-06-08 08:00:00,Toadstool Labs
10317,2023-06-08 08:00:00,Toadstool Labs
10318,2023-06-08 08:00:00,Toadstool Labs
10319,2023-06-08 08:00:00,Toadstool Labs
10320,2023-06-08 08:00:00,Toadstool Labs
10321,2023-06-08 08:00:00,Toadstool Labs
10322,2023-06-08 08:00:00,Toadstool Labs
10323,2023-06-08 08:00:00,Enchanted Industries
10324,2023-06-08 08:00:00,Toadstool Labs
10325,2023-06-08 08:00:00,Toadstool Labs
10326,2023-06-08 08:00:00,Enchanted Industries
10327,2023-06-08 08:00:00,Enchanted Industries
10328,2023-06-08 08:00:00,Toadstool Labs
10329,2023-06-08 08:00:00,Toadstool Labs
10330,2023-06-08 08:00:00,Toadstool Labs
10331,2023-06-08 08:00:00,Enchanted Industries
10332,2023-06-08 08:00:00,Toadstool Labs
10333,2023-06-08 08:00:00,Toadstool Labs
10334,2023-06-08 08:00:00,Toadstool Labs
10335,2023-06-08 08:00:00,Toadstool Labs
10336,2023-06-08 08:00:00,Enchanted Industries
10337,2023-06-08 08:00:00,Toadstool Labs
10338,2023-06-08 08:00:00,Enchanted Industries
10339,2023-06-08 08:00:00,Toadstool Labs
10340,2023-06-08 08:00:00,Toadstool Labs
10341,2023-06-08 08:00:00,Toadstool Labs
10342,2023-06-08 08:00:00,Toadstool Labs
10343,2023-06-08 08:00:00,Toadstool Labs
10344,2023-06-08 08:00:00,Toadstool Labs
10345,2023-06-08 08:00:00,Enchanted Industries
10346,2023-06-08 08:00:00,Enchanted Industries
10347,2023-06-08 08:00:00,Toadstool Labs
10348,2023-06-08 08:00:00,Enchanted Industries
10349,2023-06-08 08:00:00,Enchanted Industries
10350,2023-06-08 08:00:00,Toadstool Labs
10351,2023-06-08 08:00:00,Enchanted Industries
10352,2023-06-08 08:00:00,Enchanted Industries
10353,2023-06-08 08:00:00,Enchanted Industries
10354,2023-06-08 08:00:00,Enchanted Industries
10355,2023-06-08 08:00:00,Enchanted Industries
10356,2023-06-08 08:00:00,Toadstool Labs
10357,2023-06-08 08:00:00,Enchanted Industries
10358,2023-06-08 08:00:00,Enchanted Industries
10359,2023-06-08 08:00:00,Enchanted Industries
10360,2023-06-08 08:00:00,Toadstool Labs
10361,2023-06-08 08:00:00,Enchanted Industries
10362,2023-06-08 08:00:00,Enchanted Industries
10363,2023-06-08 08:00:00,Toadstool Labs
10364,2023-06-08 08:00:00,Enchanted Industries
10365,2023-06-08 08:00:00,Enchanted Industries
10366,2023-06-08 08:00:00,Enchanted Industries
10367,2023-06-08 08:00:00,Toadstool Labs
10368,2023-06-08 08:00:00,Toadstool Labs
10369,2023-06-08 08:00:00,Enchanted Industries
10370,2023-06-08 08:00:00,Enchanted Industries
10371,2023-06-08 08:00:00,Enchanted Industries
10372,2023-06-08 08:00:00,Enchanted Industries
10373,2023-06-08 08:00:00,Toadstool Labs
10374,2023-06-08 08:00:00,Toadstool Labs
10375,2023-06-08 08:00:00,Enchanted Industries
10376,2023-06-08 08:00:00,Enchanted Industries
10377,2023-06-08 08:00:00,Enchanted Industries
10378,2023-06-08 08:00:00,Enchanted Industries
10379,2023-06-08 08:00:00,Toadstool Labs
10380,2023-06-08 08:00:00,Enchanted Industries
10381,2023-06-08 08:00:00,Enchanted Industries
10382,2023-06-08 08:00:00,Enchanted Industries
10383,2023-06-08 08:00:00,Enchanted Industries
10384,2023-06-08 08:00:00,Toadstool Labs
10385,2023-06-08 08:00:00,Enchanted Industries
10386,2023-06-08 08:00:00,Toadstool Labs
10387,2023-06-08 08:00:00,Enchanted Industries
10388,2023-06-08 08:00:00,Toadstool Labs
10389,2023-06-08 08:00:00,Toadstool Labs
10390,2023-06-08 08:00:00,Toadstool Labs
10391,2023-06-08 08:00:00,Enchanted Industries
10392,2023-06-08 08:00:00,Enchanted Industries
10393,2023-06-08 08:00:00,Enchanted Industries
10394,2023-06-08 08:00:00,Enchanted Industries
10395,2023-06-08 08:00:00,Toadstool Labs
10396,2023-06-08 08:00:00,Toadstool Labs
10397,2023-06-08 08:00:00,Enchanted Industries
10398,2023-06-08 08:00:00,Toadstool Labs
10399,2023-06-08 08:00:00,Toadstool Labs
10400,2023-06-08 08:00:00,Enchanted Industries
10401,2023-06-08 08:00:00,Enchanted Industries
10402,2023-06-08 08:00:00,Toadstool Labs
10403,2023-06-08 08:00:00,Enchanted Industries
10404,2023-06-08 08:00:00,Enchanted Industries
10405,2023-06-08 08:00:00,Enchanted Industries
10406,2023-06-08 08:00:00,Toadstool Labs
10407,2023-06-08 08:00:00,Toadstool Labs
10408,2023-06-08 08:00:00,Enchanted Industries
10409,2023-06-08 08:00:00,Toadstool Labs
10410,2023-06-08 08:00:00,Enchanted Industries
10411,2023-06-08 08:00:00,Toadstool Labs
10412,2023-06-08 08:00:00,Toadstool Labs
10413,2023-06-08 08:00:00,Enchanted Industries
10414,2023-06-08 08:00:00,Enchanted Industries
10415,2023-06-08 08:00:00,Toadstool Labs
10416,2023-06-08 08:00:00,Toadstool Labs
10417,2023-06-08 08:00:00,Enchanted Industries
10418,2023-06-08 08:00:00,Enchanted Industries
10419,2023-06-08 08:00:00,Enchanted Industries
10420,2023-06-08 08:00:00,Enchanted Industries
10421,2023-06-08 08:00:00,Enchanted Industries
10422,2023-06-08 08:00:00,Toadstool Labs
10423,2023-06-08 08:00:00,Toadstool Labs
10424,2023-06-08 08:00:00,Enchanted Industries
10425,2023-06-08 08:00:00,Enchanted Industries
10426,2023-06-08 08:00:00,Toadstool Labs
10427,2023-06-08 08:00:00,Enchanted Industries
10428,2023-06-08 08:00:00,Toadstool Labs
10429,2023-06-08 08:00:00,Toadstool Labs
10430,2023-06-08 08:00:00,Enchanted Industries
10431,2023-06-09 08:00:00,Enchanted Industries
10432,2023-06-09 08:00:00,Toadstool Labs
10433,2023-06-09 08:00:00,Toadstool Labs
10434,2023-06-09 08:00:00,Toadstool Labs
10435,2023-06-09 08:00:00,Enchanted Industries
10436,2023-06-09 08:00:00,Toadstool Labs
10437,2023-06-09 08:00:00,Enchanted Industries
10438,2023-06-09 08:00:00,Enchanted Industries
10439,2023-06-09 08:00:00,Enchanted Industries
10440,2023-06-09 08:00:00,Toadstool Labs
10441,2023-06-09 08:00:00,Toadstool Labs
10442,2023-06-09 08:00:00,Enchanted Industries
10443,2023-06-09 08:00:00,Toadstool Labs
10444,2023-06-09 08:00:00,Enchanted Industries
10445,2023-06-09 08:00:00,Toadstool Labs
10446,2023-06-09 08:00:00,Enchanted Industries
10447,2023-06-09 08:00:00,Toadstool Labs
10448,2023-06-09 08:00:00,Toadstool Labs
10449,2023-06-09 08:00:00,Toadstool Labs
10450,2023-06-09 08:00:00,Toadstool Labs
10451,2023-06-09 08:00:00,Toadstool Labs
10452,2023-06-09 08:00:00,Enchanted Industries
10453,2023-06-09 08:00:00,Enchanted Industries
10454,2023-06-09 08:00:00,Toadstool Labs
10455,2023-06-09 08:00:00,Toadstool Labs
10456,2023-06-09 08:00:00,Enchanted Industries
10457,2023-06-09 08:00:00,Enchanted Industries
10458,2023-06-09 08:00:00,Enchanted Industries
10459,2023-06-09 08:00:00,Enchanted Industries
10460,2023-06-09 08:00:00,Toadstool Labs
10461,2023-06-09 08:00:00,Toadstool Labs
10462,2023-06-09 08:00:00,Toadstool Labs
10463,2023-06-09 08:00:00,Enchanted Industries
10464,2023-06-09 08:00:00,Toadstool Labs
10465,2023-06-09 08:00:00,Toadstool Labs
10466,2023-06-09 08:00:00,Enchanted Industries
10467,2023-06-09 08:00:00,Enchanted Industries
10468,2023-06-09 08:00:00,Enchanted Industries
10469,2023-06-09 08:00:00,Enchanted Industries
10470,2023-06-09 08:00:00,Enchanted Industries
10471,2023-06-09 08:00:00,Enchanted Industries
10472,2023-06-09 08:00:00,Enchanted Industries
10473,2023-06-09 08:00:00,Toadstool Labs
10474,2023-06-09 08:00:00,Toadstool Labs
10475,2023-06-09 08:00:00,Toadstool Labs
10476,2023-06-09 08:00:00,Enchanted Industries
10477,2023-06-09 08:00:00,Enchanted Industries
10478,2023-06-09 08:00:00,Enchanted Industries
10479,2023-06-09 08:00:00,Enchanted Industries
10480,2023-06-09 08:00:00,Toadstool Labs
10481,2023-06-09 08:00:00,Enchanted Industries
10482,2023-06-09 08:00:00,Enchanted Industries
10483,2023-06-09 08:00:00,Enchanted Industries
10484,2023-06-09 08:00:00,Toadstool Labs
10485,2023-06-09 08:00:00,Enchanted Industries
10486,2023-06-09 08:00:00,Toadstool Labs
10487,2023-06-09 08:00:00,Enchanted Industries
10488,2023-06-09 08:00:00,Enchanted Industries
10489,2023-06-09 08:00:00,Toadstool Labs
10490,2023-06-09 08:00:00,Enchanted Industries
10491,2023-06-09 08:00:00,Enchanted Industries
10492,2023-06-09 08:00:00,Enchanted Industries
10493,2023-06-09 08:00:00,Toadstool Labs
10494,2023-06-09 08:00:00,Enchanted Industries
10495,2023-06-09 08:00:00,Enchanted Industries
10496,2023-06-09 08:00:00,Toadstool Labs
10497,2023-06-09 08:00:00,Toadstool Labs
10498,2023-06-09 08:00:00,Enchanted Industries
10499,2023-06-09 08:00:00,Toadstool Labs
10500,2023-06-09 08:00:00,Enchanted Industries
10501,2023-06-09 08:00:00,Toadstool Labs
10502,2023-06-09 08:00:00,Enchanted Industries
10503,2023-06-09 08:00:00,Toadstool Labs
10504,2023-06-09 08:00:00,Toadstool Labs
10505,2023-06-09 08:00:00,Enchanted Industries
10506,2023-06-09 08:00:00,Enchanted Industries
10507,2023-06-09 08:00:00,Toadstool Labs
10508,2023-06-09 08:00:00,Toadstool Labs
10509,2023-06-09 08:00:00,Toadstool Labs
10510,2023-06-09 08:00:00,Toadstool Labs
10511,2023-06-09 08:00:00,Enchanted Industries
10512,2023-06-09 08:00:00,Enchanted Industries
10513,2023-06-09 08:00:00,Enchanted Industries
10514,2023-06-09 08:00:00,Toadstool Labs
10515,2023-06-09 08:00:00,Toadstool Labs
10516,2023-06-09 08:00:00,Enchanted Industries
10517,2023-06-09 08:00:00,Enchanted Industries
10518,2023-06-09 08:00:00,Toadstool Labs
10519,2023-06-09 08:00:00,Enchanted Industries
10520,2023-06-09 08:00:00,Toadstool Labs
10521,2023-06-09 08:00:00,Enchanted Industries
10522,2023-06-09 08:00:00,Enchanted Industries
10523,2023-06-09 08:00:00,Toadstool Labs
10524,2023-06-09 08:00:00,Toadstool Labs
10525,2023-06-09 08:00:00,Enchanted Industries
10526,2023-06-09 08:00:00,Enchanted Industries
10527,2023-06-09 08:00:00,Enchanted Industries
10528,2023-06-09 08:00:00,Enchanted Industries
10529,2023-06-09 08:00:00,Enchanted Industries
10530,2023-06-09 08:00:00,Enchanted Industries
10531,2023-06-09 08:00:00,Enchanted Industries
10532,2023-06-09 08:00:00,Enchanted Industries
10533,2023-06-09 08:00:00,Enchanted Industries
10534,2023-06-09 08:00:00,Enchanted Industries
10535,2023-06-09 08:00:00,Enchanted Industries
10536,2023-06-09 08:00:00,Toadstool Labs
10537,2023-06-09 08:00:00,Toadstool Labs
10538,2023-06-09 08:00:00,Toadstool Labs
10539,2023-06-09 08:00:00,Toadstool Labs
10540,2023-06-09 08:00:00,Toadstool Labs
10541,2023-06-09 08:00:00,Enchanted Industries
10542,2023-06-09 08:00:00,Enchanted Industries
10543,2023-06-09 08:00:00,Toadstool Labs
10544,2023-06-09 08:00:00,Enchanted Industries
10545,2023-06-09 08:00:00,Toadstool Labs
10546,2023-06-09 08:00:00,Toadstool Labs
10547,2023-06-09 08:00:00,Enchanted Industries
10548,2023-06-09 08:00:00,Enchanted Industries
10549,2023-06-09 08:00:00,Toadstool Labs
10550,2023-06-09 08:00:00,Toadstool Labs
10551,2023-06-09 08:00:00,Enchanted Industries
10552,2023-06-09 08:00:00,Toadstool Labs
10553,2023-06-09 08:00:00,Enchanted Industries
10554,2023-06-09 08:00:00,Toadstool Labs
10555,2023-06-09 08:00:00,Enchanted Industries
10556,2023-06-09 08:00:00,Enchanted Industries
10557,2023-06-09 08:00:00,Toadstool Labs
10558,2023-06-09 08:00:00,Enchanted Industries
10559,2023-06-09 08:00:00,Toadstool Labs
10560,2023-06-09 08:00:00,Enchanted Industries
10561,2023-06-09 08:00:00,Toadstool Labs
10562,2023-06-09 08:00:00,Enchanted Industries
10563,2023-06-09 08:00:00,Toadstool Labs
10564,2023-06-09 08:00:00,Enchanted Industries
10565,2023-06-09 08:00:00,Enchanted Industries
10566,2023-06-09 08:00:00,Enchanted Industries
10567,2023-06-09 08:00:00,Enchanted Industries
10568,2023-06-09 08:00:00,Toadstool Labs
10569,2023-06-09 08:00:00,Enchanted Industries
10570,2023-06-09 08:00:00,Enchanted Industries
10571,2023-06-09 08:00:00,Enchanted Industries
10572,2023-06-09 08:00:00,Enchanted Industries
10573,2023-06-09 08:00:00,Enchanted Industries
10574,2023-06-09 08:00:00,Enchanted Industries
10575,2023-06-09 08:00:00,Toadstool Labs
10576,2023-06-10 08:00:00,Toadstool Labs
10577,2023-06-10 08:00:00,Toadstool Labs
10578,2023-06-10 08:00:00,Enchanted Industries
10579,2023-06-10 08:00:00,Toadstool Labs
10580,2023-06-10 08:00:00,Enchanted Industries
10581,2023-06-10 08:00:00,Enchanted Industries
10582,2023-06-10 08:00:00,Toadstool Labs
10583,2023-06-10 08:00:00,Toadstool Labs
10584,2023-06-10 08:00:00,Enchanted Industries
10585,2023-06-10 08:00:00,Enchanted Industries
10586,2023-06-10 08:00:00,Toadstool Labs
10587,2023-06-10 08:00:00,Enchanted Industries
10588,2023-06-10 08:00:00,Toadstool Labs
10589,2023-06-10 08:00:00,Toadstool Labs
10590,2023-06-10 08:00:00,Enchanted Industries
10591,2023-06-10 08:00:00,Toadstool Labs
10592,2023-06-10 08:00:00,Enchanted Industries
10593,2023-06-10 08:00:00,Enchanted Industries
10594,2023-06-10 08:00:00,Enchanted Industries
10595,2023-06-10 08:00:00,Toadstool Labs
10596,2023-06-10 08:00:00,Toadstool Labs
10597,2023-06-10 08:00:00,Toadstool Labs
10598,2023-06-10 08:00:00,Toadstool Labs
10599,2023-06-10 08:00:00,Enchanted Industries
10600,2023-06-10 08:00:00,Toadstool Labs
10601,2023-06-10 08:00:00,Enchanted Industries
10602,2023-06-10 08:00:00,Enchanted Industries
10603,2023-06-10 08:00:00,Toadstool Labs
10604,2023-06-10 08:00:00,Enchanted Industries
10605,2023-06-10 08:00:00,Toadstool Labs
10606,2023-06-10 08:00:00,Toadstool Labs
10607,2023-06-10 08:00:00,Toadstool Labs
10608,2023-06-10 08:00:00,Enchanted Industries
10609,2023-06-10 08:00:00,Enchanted Industries
10610,2023-06-10 08:00:00,Toadstool Labs
10611,2023-06-10 08:00:00,Enchanted Industries
10612,2023-06-10 08:00:00,Enchanted Industries
10613,2023-06-10 08:00:00,Enchanted Industries
10614,2023-06-10 08:00:00,Enchanted Industries
10615,2023-06-10 08:00:00,Enchanted Industries
10616,2023-06-10 08:00:00,Enchanted Industries
10617,2023-06-10 08:00:00,Toadstool Labs
10618,2023-06-10 08:00:00,Enchanted Industries
10619,2023-06-10 08:00:00,Toadstool Labs
10620,2023-06-10 08:00:00,Enchanted Industries
10621,2023-06-10 08:00:00,Toadstool Labs
10622,2023-06-10 08:00:00,Toadstool Labs
10623,2023-06-10 08:00:00,Toadstool Labs
10624,2023-06-10 08:00:00,Enchanted Industries
10625,2023-06-10 08:00:00,Toadstool Labs
10626,2023-06-10 08:00:00,Toadstool Labs
10627,2023-06-10 08:00:00,Toadstool Labs
10628,2023-06-10 08:00:00,Toadstool Labs
10629,2023-06-10 08:00:00,Toadstool Labs
10630,2023-06-10 08:00:00,Enchanted Industries
10631,2023-06-10 08:00:00,Enchanted Industries
10632,2023-06-10 08:00:00,Enchanted Industries
10633,2023-06-10 08:00:00,Enchanted Industries
10634,2023-06-10 08:00:00,Enchanted Industries
10635,2023-06-10 08:00:00,Enchanted Industries
10636,2023-06-10 08:00:00,Toadstool Labs
10637,2023-06-10 08:00:00,Toadstool Labs
10638,2023-06-10 08:00:00,Enchanted Industries
10639,2023-06-10 08:00:00,Enchanted Industries
10640,2023-06-10 08:00:00,Toadstool Labs
10641,2023-06-10 08:00:00,Toadstool Labs
10642,2023-06-10 08:00:00,Enchanted Industries
10643,2023-06-10 08:00:00,Toadstool Labs
10644,2023-06-10 08:00:00,Enchanted Industries
10645,2023-06-10 08:00:00,Enchanted Industries
10646,2023-06-10 08:00:00,Toadstool Labs
10647,2023-06-10 08:00:00,Enchanted Industries
10648,2023-06-10 08:00:00,Enchanted Industries
10649,2023-06-10 08:00:00,Toadstool Labs
10650,2023-06-10 08:00:00,Toadstool Labs
10651,2023-06-10 08:00:00,Toadstool Labs
10652,2023-06-10 08:00:00,Toadstool Labs
10653,2023-06-10 08:00:00,Enchanted Industries
10654,2023-06-10 08:00:00,Toadstool Labs
10655,2023-06-10 08:00:00,Enchanted Industries
10656,2023-06-10 08:00:00,Enchanted Industries
10657,2023-06-10 08:00:00,Toadstool Labs
10658,2023-06-10 08:00:00,Enchanted Industries
10659,2023-06-10 08:00:00,Enchanted Industries
10660,2023-06-10 08:00:00,Toadstool Labs
10661,2023-06-10 08:00:00,Enchanted Industries
10662,2023-06-10 08:00:00,Enchanted Industries
10663,2023-06-10 08:00:00,Toadstool Labs
10664,2023-06-10 08:00:00,Enchanted Industries
10665,2023-06-10 08:00:00,Enchanted Industries
10666,2023-06-10 08:00:00,Toadstool Labs
10667,2023-06-10 08:00:00,Toadstool Labs
10668,2023-06-10 08:00:00,Toadstool Labs
10669,2023-06-10 08:00:00,Toadstool Labs
10670,2023-06-10 08:00:00,Toadstool Labs
10671,2023-06-10 08:00:00,Enchanted Industries
10672,2023-06-10 08:00:00,Enchanted Industries
10673,2023-06-10 08:00:00,Enchanted Industries
10674,2023-06-10 08:00:00,Enchanted Industries
10675,2023-06-10 08:00:00,Enchanted Industries
10676,2023-06-10 08:00:00,Toadstool Labs
10677,2023-06-10 08:00:00,Enchanted Industries
10678,2023-06-10 08:00:00,Toadstool Labs
10679,2023-06-10 08:00:00,Toadstool Labs
10680,2023-06-10 08:00:00,Toadstool Labs
10681,2023-06-10 08:00:00,Enchanted Industries
10682,2023-06-10 08:00:00,Enchanted Industries
10683,2023-06-10 08:00:00,Enchanted Industries
10684,2023-06-10 08:00:00,Enchanted Industries
10685,2023-06-10 08:00:00,Toadstool Labs
10686,2023-06-10 08:00:00,Enchanted Industries
10687,2023-06-10 08:00:00,Toadstool Labs
10688,2023-06-10 08:00:00,Toadstool Labs
10689,2023-06-10 08:00:00,Enchanted Industries
10690,2023-06-10 08:00:00,Toadstool Labs
10691,2023-06-10 08:00:00,Toadstool Labs
10692,2023-06-10 08:00:00,Enchanted Industries
10693,2023-06-10 08:00:00,Enchanted Industries
10694,2023-06-10 08:00:00,Enchanted Industries
10695,2023-06-10 08:00:00,Enchanted Industries
10696,2023-06-10 08:00:00,Enchanted Industries
10697,2023-06-10 08:00:00,Enchanted Industries
10698,2023-06-10 08:00:00,Enchanted Industries
10699,2023-06-10 08:00:00,Enchanted Industries
10700,2023-06-10 08:00:00,Enchanted Industries
10701,2023-06-10 08:00:00,Enchanted Industries
10702,2023-06-10 08:00:00,Enchanted Industries
10703,2023-06-10 08:00:00,Enchanted Industries
10704,2023-06-10 08:00:00,Enchanted Industries
10705,2023-06-10 08:00:00,Enchanted Industries
10706,2023-06-10 08:00:00,Enchanted Industries
10707,2023-06-10 08:00:00,Enchanted Industries
10708,2023-06-10 08:00:00,Enchanted Industries
10709,2023-06-10 08:00:00,Toadstool Labs
10710,2023-06-10 08:00:00,Toadstool Labs
10711,2023-06-10 08:00:00,Enchanted Industries
10712,2023-06-10 08:00:00,Enchanted Industries
10713,2023-06-10 08:00:00,Toadstool Labs
10714,2023-06-10 08:00:00,Enchanted Industries
10715,2023-06-10 08:00:00,Enchanted Industries
10716,2023-06-10 08:00:00,Toadstool Labs
10717,2023-06-10 08:00:00,Toadstool Labs
